{
    "Items": [
        {
            "id": 5,
            "markList": [
                10.0,
                9.25,
                7.199999809265137,
                9.5,
                8.149999618530274
            ]
        }
    ]
}